key,recording,shooter,points,made,dist,contested,flight_s,apex_frac,span_px,arch_px,arch_ratio,speed_px_s,attribution,source,flight_s_z,arch_ratio_z,apex_frac_z,speed_px_s_z,span_px_z
5gqbi2wxew52g5p_1746_246,IMG_2769.MOV,Alex,2,0,38.47744194362463,0,0.6000000000000001,0.5466666666666666,1002.6941137464717,173.33938882207667,0.17287364755180465,1671.1568562441191,clear,laptop,-1.151939193960229,0.21221352024501547,-0.6473516143811329,-0.5648734231043061,-1.111695792119794
bl46f6scpfe9ib6_554_442,IMG_2932.MOV,Adam,3,0,90.77834452275171,1,0.6333333333333333,0.16736842105263158,1508.2447200535362,222.5949810316531,0.1475854535222586,2381.439031663478,clear,laptop,-0.833630953660152,-0.4841345218444216,-1.8568419179533284,1.1998596866747704,0.44156159536636247
bl46f6scpfe9ib6_773_407,IMG_2932.MOV,Zach,3,1,85.18922669387115,1,0.666666666666667,0.9614999999999996,1457.3305831826185,209.3404325439808,0.14364649651886727,2185.995874773927,clear,laptop,-0.6293637663394505,-0.5089738146350204,1.6070408696399348,0.8865345764787567,0.35043121457636467
bl46f6scpfe9ib6_923_832,IMG_2932.MOV,Adam,3,1,80.98601550775034,0,0.5999999999999996,0.8416666666666671,1350.947992739952,156.28610904998027,0.11568625135080551,2251.5799878999214,clear,laptop,-1.0378981409808536,-0.6852927527773907,1.0843458506816634,0.991675886102213,0.16001875602785873
cmgf3z9rea2l7rc_1619_729,IMG_2932.MOV,Adam,3,0,81.12166219292851,0,1.0333333333333337,0.4248387096774192,2066.2473805127447,435.7066723213104,0.21086859029105637,1999.5942392058814,ambiguous,laptop,1.617575294188245,-0.08506736737832578,-0.7337951524963668,0.5877044003059448,1.4403214301525582
cmgf3z9rea2l7rc_1686_892,IMG_2932.MOV,Ben,3,0,79.84336451102106,0,0.6333333333333333,0.5257894736842106,1241.3734581091837,156.32690541782404,0.12593060081688526,1960.0633549092377,ambiguous,laptop,-0.833630953660152,-0.6206912870548442,-0.2934630676030525,0.5243303795650122,-0.03610691121275601
cmgf3z9rea2l7rc_1703_022,IMG_2932.MOV,Zach,3,0,99.39562967217293,1,0.5999999999999996,0.3166666666666669,1584.3364546725684,165.25155864868248,0.10430332405804213,2640.5607577876153,clear,laptop,-1.0378981409808536,-0.7570741567367671,-1.2056253728490278,1.6152712297758078,0.5777569465393436
cmgf3z9rea2l7rc_1808_128,IMG_2932.MOV,Zach,2,0,58.33872627263889,0,0.7666666666666666,0.27,1351.9626107684999,211.56011677844253,0.15648370383422425,1763.4294923067391,clear,laptop,-0.01656220437735385,-0.4280216359630437,-1.409178370496201,0.2090963869877591,0.16183480424119442
cmgf3z9rea2l7rc_1835_653,IMG_2932.MOV,Alex,3,0,77.43293914022985,0,0.5,0.004,1247.1176577038038,105.33138679325702,0.08445986322348562,2494.2353154076077,clear,laptop,-1.6506997029429502,-0.8822081790741421,-2.569430457085084,1.3806892874461223,-0.02582546231539701
cmgf3z9rea2l7rc_1868_638,IMG_2932.MOV,Zach,2,1,55.136515984006095,1,0.8333333333333335,0.45359999999999995,952.1675459010618,273.9907615657894,0.28775477881521844,1142.601055081274,clear,laptop,0.39197217026404657,0.3997814255027742,-0.6083427197528971,-0.7861860347775407,-0.5537518429743142
ctqc73n67cph45y_475_592,IMG_2769.MOV,Reilly,2,1,49.7819781541591,1,0.6000000000000005,0.7633333333333326,1200.079632216524,104.10715656425828,0.08675020704415619,2000.1327203608716,clear,laptop,-1.1519391939602242,-1.3988429242373006,0.22957390210552672,0.10173712855219719,-0.4876872102819797
g7ko31w6njargwe_1110_369,IMG_2770.MOV,Ben,2,1,58.71027066699188,1,0.5999999999999996,0.6600000000000005,1220.4146028183616,148.86634427585363,0.12198014013604024,2034.0243380306038,clear,laptop,-0.8363622617496748,-0.760268578689678,0.012542482217197186,0.426203359515705,-0.40279611344444083
g7ko31w6njargwe_1294_848,IMG_2770.MOV,Ben,2,0,47.12300929580398,1,0.833333333333333,0.5256000000000002,1149.952059566672,263.2419877790221,0.22891561921130665,1379.9424714800068,ambiguous,laptop,0.17138570937493255,0.5916697768046011,-0.5232872304401046,-0.9773295744132726,-0.5491285720509368
g7ko31w6njargwe_1324_849,IMG_2770.MOV,Evan,2,0,50.8260797477424,1,0.6666666666666667,0.2085,614.7696611023016,125.98212224388544,0.20492573107461987,922.1544916534523,clear,laptop,-0.5484342699997852,0.28837614407886913,-1.7875104587409238,-1.9596538663735683,-1.6605638475344804
g7ko31w6njargwe_1463_416,IMG_2770.MOV,Evan,2,0,35.03579806094409,1,1.5333333333333332,0.7473913043478261,698.661819977694,346.903780624501,0.49652603120001104,455.6490130289309,ambiguous,laptop,3.1946296227487547,3.9749508302565437,0.3609566005017366,-2.9606842214280102,-1.486341554390831
g7ko31w6njargwe_1482_640,IMG_2770.MOV,Adam,2,0,62.27630219882668,0,0.7666666666666666,0.8047826086956522,1406.8196805106295,236.33787689710744,0.16799443466082628,1834.9821919703863,clear,laptop,-0.11654228237495415,-0.17853003684162327,0.5897658722109879,-0.0009025144151491852,-0.015681029931039547
jmyhhago9gvrteb_1012_077,IMG_2482.MOV,Michael T,2,0,50.35058577813686,1,0.8999999999999999,0.558888888888889,1294.4328556078335,273.97932788214007,0.21165974480266586,1438.2587284531485,clear,laptop,0.22607247625382237,-0.002490899708957297,-0.3340626247727634,-0.4296913995613114,-0.22888922140894088
jmyhhago9gvrteb_1051_505,IMG_2482.MOV,Michael T,2,1,59.03938818220086,0,0.9666666666666663,0.5286206896551726,1364.749851033493,293.354408474612,0.2149510463419077,1411.8101907243038,clear,laptop,0.6576653854656651,0.06490884032811184,-0.48374022308291065,-0.4989921510462207,-0.08356481624277223
jmyhhago9gvrteb_349_941,IMG_2482.MOV,Zach,3,0,83.04269559270381,1,1.0333333333333332,0.4296774193548388,2011.2585201964048,426.903601676707,0.21225695125210395,1946.3792130932952,ambiguous,laptop,1.0892582946775107,0.009738778720889685,-0.9730191178448092,0.9016915219237998,1.2525771393702323
jmyhhago9gvrteb_372_143,IMG_2482.MOV,Zach,2,0,61.64448463110164,0,0.7666666666666666,0.3404347826086957,1153.7863874205518,204.7463583885733,0.1774560357279929,1504.9387662007198,clear,laptop,-0.6371133421698659,-0.7029193084859712,-1.4143279460273679,-0.25497562614790337,-0.5195638186995497
jmyhhago9gvrteb_397_613,IMG_2482.MOV,Michael T,2,0,54.8602855382342,1,0.7666666666666666,0.8765217391304349,1040.3088007322738,231.33850067391177,0.22237483765500446,1356.9245226942703,clear,laptop,-0.6371133421698659,0.21693429245591436,1.2366460190240127,-0.6428041862985273,-0.7540883839961572
jmyhhago9gvrteb_407_440,IMG_2482.MOV,Adam,2,0,46.07765394611436,0,0.7333333333333334,0.9709090909090908,1143.146184484772,153.0343531937931,0.13387120148834444,1558.835706115598,ambiguous,laptop,-0.8529097967757873,-1.5954557298032774,1.7033956930299619,-0.11375426725347303,-0.5415539670716354
jmyhhago9gvrteb_427_365,IMG_2482.MOV,Michael T,2,0,48.440160342747255,1,0.9666666666666663,0.5110344827586208,1012.072368381847,286.7047989877583,0.2832848795646467,1046.9714155674283,ambiguous,laptop,0.6576653854656651,1.4642587753115759,-0.5707048023542499,-1.4549467504428852,-0.8124447274448582
jmyhhago9gvrteb_464_985,IMG_2482.MOV,Zach,2,1,67.37611303935296,1,0.7333333333333334,0.5236363636363636,1468.6402094202317,230.4114575708636,0.15688761351687494,2002.6911946639523,clear,laptop,-0.8529097967757873,-1.1241223776892164,-0.5083879380635589,1.0492407997122228,0.13114578741227942
jmyhhago9gvrteb_628_785,IMG_2482.MOV,Ben,3,0,82.92741031526768,1,1.0,0.44,2275.144357118126,434.9136236374486,0.1911586938546369,2275.144357118126,ambiguous,laptop,0.8734618400715893,-0.42231433062503,-0.9219734950973063,1.7631255934988568,1.797951014495046
jmyhhago9gvrteb_771_883,IMG_2482.MOV,Adam,2,0,67.6916795962936,1,0.7000000000000006,0.6742857142857136,790.0964374467368,268.8625724546803,0.3402908299694811,1128.7091963524801,ambiguous,laptop,-1.0687062513817058,2.6316347182453708,0.23657983547548686,-1.2407765119523393,-1.271203238514287
jmyhhago9gvrteb_788_802,IMG_2482.MOV,Ian,2,1,70.22678860446557,0,1.0,0.504,1592.653636106609,389.680332893475,0.24467362146994187,1592.653636106609,clear,laptop,0.8734618400715893,0.6735719521629583,-0.6054906340627862,-0.025144152544364716,0.38744481379587137
jmyhhago9gvrteb_798_810,IMG_2482.MOV,Ben,3,0,87.4513942348847,0,0.7333333333333334,0.7827272727272726,1135.6475360490606,189.1400478212047,0.1665481954720093,1548.610276430537,clear,laptop,-0.8529097967757873,-0.9262916093382727,0.7728281897040291,-0.14054705136486076,-0.557051452663466
jmyhhago9gvrteb_881_473,IMG_2482.MOV,Zach,2,0,67.39093575455077,1,0.9333333333333331,0.5571428571428573,1905.271140339298,351.76432815023554,0.18462691251786453,2041.3619360778198,clear,laptop,0.4418689308597437,-0.5560730758595515,-0.3426968298109074,1.1505663046582644,1.033532613368852
jmyhhago9gvrteb_970_898,IMG_2482.MOV,Michael T,2,0,51.91157547304164,0,0.7666666666666666,0.7200000000000001,1131.5073433084744,181.19949539543813,0.1601399199634174,1475.8791434458365,clear,laptop,-0.6371133421698659,-1.057521184694806,0.46263902192871925,-0.3311179715368161,-0.5656080049401495
jmyhhago9gvrteb_996_631,IMG_2482.MOV,Zach,3,0,82.87201836484923,0,1.0333333333333332,0.5496774193548387,2163.710205258669,465.2220429017277,0.2150112532496518,2093.913101863228,clear,laptop,1.0892582946775107,0.06614176592973371,-0.37961375340508446,1.2882614512736879,1.5676496238263724
spqwa4x7i5ylpdx_1012_541,IMG_2769.MOV,Adam,3,0,72.45952806888694,1,0.7999999999999998,0.4012500000000001,1588.0194720216743,280.89789213372205,0.17688567242573974,1985.0243400270933,clear,laptop,1.0597840584434084,0.28726391872511875,-1.2359035475616036,0.07112270710831305,0.7387340142919454
spqwa4x7i5ylpdx_932_334,IMG_2769.MOV,Alex,2,0,39.418594142600725,1,0.8333333333333335,0.8663999999999998,916.2065558604588,238.87357615261112,0.2607202214660777,1099.4478670325504,clear,laptop,1.4284046005106854,1.8555035258006236,0.646720624717338,-1.7233390926406338,-1.3851149302682444
spqwa4x7i5ylpdx_986_560,IMG_2769.MOV,Ian,2,0,60.225682092519484,1,0.6333333333333333,0.2826315789473684,1881.424088876319,158.93091459436118,0.08447373217661028,2970.6696140152408,clear,laptop,-0.7833186518929569,-1.4414274922067625,-1.7159936405450409,2.068355974037835,1.666294456857606
w2gvgk88n6e4had_275_308,IMG_2770.MOV,Zach,2,1,30.425433227808877,1,0.666666666666667,0.8009999999999997,1036.256159492269,173.19609256869967,0.1671363696921811,1554.3842392384029,clear,laptop,-0.5484342699997842,-0.18937817585637362,0.5746852611210587,-0.6030113451174913,-0.7852455190640143
w2gvgk88n6e4had_308_839,IMG_2770.MOV,Zach,3,0,70.95157070556776,0,1.0000000000000004,0.4429999999999998,1904.303529459859,383.4889994735861,0.2013801862680787,1904.303529459858,clear,laptop,0.8912056887496551,0.24355137631668644,-0.8525992413440722,0.14784764235586528,1.017464118885567
w2gvgk88n6e4had_336_422,IMG_2770.MOV,Alex,2,0,73.19748183290965,1,0.5333333333333337,0.9468749999999995,956.5941152978821,139.4516113170307,0.14577929038754922,1793.613966183528,ambiguous,laptop,-1.1242902534995596,-0.45938636138049116,1.1562638275934067,-0.08967071038465833,-0.9506829592504279
w2gvgk88n6e4had_685_906,IMG_2770.MOV,Alex,3,0,79.63608555418594,1,0.7666666666666666,0.8921739130434784,1369.8488399360149,224.5520821516143,0.1639247160745875,1786.7593564382805,clear,laptop,-0.11654228237495415,-0.22998170377558422,0.9381799904955295,-0.10437937457286067,-0.09245989354241552
w2gvgk88n6e4had_703_329,IMG_2770.MOV,Reilly,2,0,72.07980922352351,0,0.5,0.99,903.2541353247198,123.4055404760793,0.13662327760250442,1806.5082706494395,ambiguous,laptop,-1.2682542493745048,-0.5751418148047523,1.3281957945453888,-0.06200203173216064,-1.061456287195938
w2gvgk88n6e4had_907_321,IMG_2770.MOV,Reilly,3,0,79.38663382764847,0,0.7666666666666666,0.6352173913043478,1693.462226044919,245.81345283377073,0.1451543760783304,2208.8637731020685,clear,laptop,-0.11654228237495415,-0.46728687887792053,-0.08626152147543577,0.8013749058031076,0.5796013214230789
wurjg3g9xhehuka_122_553,IMG_2483.MOV,Michael T,3,0,87.47205441964606,0,1.0666666666666669,0.2878124999999999,2384.856845920958,519.1096704002471,0.2176691113716651,2235.803293050898,clear,laptop,1.6182758364482244,0.2057759006604608,-1.470359874409926,0.9485365131054075,1.8729038923922552
wurjg3g9xhehuka_205_826,IMG_2483.MOV,Adam,2,0,50.70128075401296,0,0.5333333333333332,0.9975000000000003,641.2892949843845,89.41007156973683,0.13942236720467005,1202.417428095721,ambiguous,laptop,-2.121739430009895,-0.6357566403238816,1.9453461911751744,-1.2733335789726115,-1.7951322305213144
wurjg3g9xhehuka_258_475,IMG_2483.MOV,Zach,3,0,88.0519493544938,0,0.8666666666666667,0.5838461538461538,1934.6666742525952,282.76568932484315,0.14615731644526406,2232.3077010606867,clear,laptop,0.21577011152642908,-0.5633232246185377,-0.04555818766804698,0.9410206842552666,0.9258147985551979
wurjg3g9xhehuka_284_634,IMG_2483.MOV,Ben,3,0,78.35779688304835,0,0.6999999999999997,0.9500000000000004,1231.2057706462217,185.56104296649914,0.15071489054920845,1758.8653866374602,clear,laptop,-0.9529846592417346,-0.514307167052854,1.7167300212196774,-0.07692174597798607,-0.5540934528340615
wurjg3g9xhehuka_315_814,IMG_2483.MOV,Michael T,2,0,66.57337619153955,0,0.8000000000000003,0.7224999999999997,1578.5627541454373,248.48434345139867,0.15741176129923126,1973.203442681796,clear,laptop,-0.2517317967808339,-0.44228328006679885,0.6217788914328173,0.3839238417828923,0.176659974147882
wurjg3g9xhehuka_327_647,IMG_2483.MOV,Adam,2,0,57.25397803256155,1,1.1,0.4481818181818181,1232.552200121791,398.80694196869285,0.3235619083145411,1120.5020001107189,clear,laptop,1.8520267906018557,1.3446377847165327,-0.698506836491993,-1.4494589215885005,-0.5512608972782468
wurjg3g9xhehuka_336_178,IMG_2483.MOV,Michael T,2,0,52.285755322811625,1,0.8999999999999999,0.5966666666666668,996.3825476455822,300.5475480632251,0.3016387117311605,1107.0917196062026,ambiguous,laptop,0.44952106568006056,1.108856941389208,0.016146581550711653,-1.4782921988664455,-1.048103601166231
wurjg3g9xhehuka_352_715,IMG_2483.MOV,Ian,3,0,82.81054352567813,0,1.1,0.35454545454545455,2573.3535238529103,547.1793610120742,0.21263279838551646,2339.412294411736,clear,laptop,1.8520267906018557,0.15161107489619827,-1.1491760327679017,1.171304937950954,2.2694544151019755
wurjg3g9xhehuka_403_255,IMG_2483.MOV,Ben,3,1,75.36306399860796,1,0.5666666666666669,0.7482352941176468,1270.4268932026844,158.72223587105054,0.12493614289832886,2241.929811534148,clear,laptop,-1.8879884758562606,-0.7915539106073207,0.7456421414087061,0.961709064277362,-0.47158188381509974
wurjg3g9xhehuka_422_177,IMG_2483.MOV,Zach,3,0,72.47154798934356,0,0.9000000000000004,0.6466666666666664,1511.8461267587147,313.0471370322516,0.20706282966997527,1679.8290297319045,clear,laptop,0.44952106568006367,0.0917068580972352,0.2567951815038651,-0.24685683368394704,0.0363046439961995
wurjg3g9xhehuka_432_628,IMG_2483.MOV,Michael T,2,0,54.80115625637675,0,0.8666666666666667,0.48,897.210586342973,266.3342844443471,0.29684701506914296,1035.242984241892,clear,laptop,0.21577011152642908,1.0573229292006892,-0.5453668183399848,-1.6327732709164435,-1.2567369496377352
wurjg3g9xhehuka_451_184,IMG_2483.MOV,Zach,3,0,78.69416496244196,1,0.833333333333333,0.6384000000000003,1676.9009254420066,260.01143372775596,0.1550547380485348,2012.2811105304086,clear,laptop,-0.017980842627205538,-0.46763272797589683,0.21700794631161283,0.46794424926616757,0.3835392340786606
wurjg3g9xhehuka_466_006,IMG_2483.MOV,Adam,2,0,55.210050428635334,1,0.8333333333333335,0.39599999999999996,1764.2340245080252,224.23068693060623,0.12709804017816473,2117.08082940963,clear,laptop,-0.017980842627202422,-0.7683030146037166,-0.9496564662612859,0.6932728210344937,0.5672665361427941
wurjg3g9xhehuka_519_926,IMG_2483.MOV,Ben,3,0,90.32808099734177,0,0.9333333333333336,0.8164285714285713,2024.3994599652765,382.78437381457707,0.1890853961308322,2168.999421391367,clear,laptop,0.6832720198336952,-0.10163786809718127,1.0738544756305313,0.8049023397448415,1.114590449505444
wurjg3g9xhehuka_539_661,IMG_2483.MOV,Adam,2,0,56.93264291135935,1,0.9666666666666668,0.4448275862068965,1610.4243266379228,336.36797368438806,0.20886915834575245,1665.9561999702648,clear,laptop,0.9170229739873267,0.1111336646252547,-0.7146506610656529,-0.2766846323651434,0.2436888648682264
wurjg3g9xhehuka_561_354,IMG_2483.MOV,Ian,2,1,57.4602348609646,0,0.7999999999999998,0.5225000000000001,1501.8532949156495,254.32160734400009,0.16933851542289546,1877.3166186445624,clear,laptop,-0.251731796780837,-0.3140127454875955,-0.34081550837980235,0.17775877433065043,0.015282190262832434
wurjg3g9xhehuka_582_532,IMG_2483.MOV,Adam,2,0,54.911022215445634,0,0.7666666666666666,0.45,1216.3248596209814,222.6142685240468,0.18302204938359604,1586.5106864621498,ambiguous,laptop,-0.4854827509344685,-0.1668482950534898,-0.6897559783118778,-0.44749944259202556,-0.5853992196528601
wurjg3g9xhehuka_617_974,IMG_2483.MOV,Adam,3,0,100.67987381154039,1,0.7333333333333333,0.24681818181818183,1285.6126495299357,222.58790806617026,0.17313761508768297,1753.1081584499125,clear,laptop,-0.7192337050881008,-0.27315397202172226,-1.6676643799397002,-0.08930029067942316,-0.4396347976628023
wurjg3g9xhehuka_629_333,IMG_2483.MOV,Adam,3,1,88.53373687392661,1,0.9333333333333331,0.43392857142857155,1827.2060512908556,349.67587483822285,0.1913718896624655,1957.7207692402028,clear,laptop,0.683272019833692,-0.07704695722793069,-0.7671073140111059,0.3506347382331946,0.6997441501293745
wurjg3g9xhehuka_667_521,IMG_2483.MOV,Ian,2,1,49.10031467762616,0,0.833333333333333,0.5880000000000002,1461.4939080933611,290.6005933678389,0.19883804630219173,1753.792689712034,clear,laptop,-0.017980842627205538,0.0032504894620768794,-0.025565842441168288,-0.08782848852886238,-0.06962400604901946
wurjg3g9xhehuka_733_180,IMG_2483.MOV,Ian,2,0,66.2498113498708,0,0.7000000000000006,0.32285714285714256,1259.0225158311205,187.49924687041926,0.14892445886612687,1798.6035940444563,clear,laptop,-0.9529846592417284,-0.533563003698362,-1.3016909896213316,0.008518879392119412,-0.4955738812205139
wurjg3g9xhehuka_850_522,IMG_2483.MOV,Adam,2,1,40.007957509817075,1,0.9666666666666672,0.4893103448275859,433.6500746463567,251.1965775176061,0.5792610037539089,448.6035254962308,clear,laptop,0.9170229739873298,4.094644980584662,-0.5005563893831918,-2.894099472892661,-2.2319539414578253
yf7wfx0jbtzy468_1355_160,IMG_2932.MOV,Ben,3,0,95.14885667951869,0,1.0,0.656,2080.8578365142134,454.82054081469096,0.21857357712461117,2080.8578365142134,ambiguous,laptop,1.4133081068675435,-0.03647927064571394,0.2744957100425541,0.7179823081476948,1.466472446368447
bl46f6scpfe9ib6_476_787,IMG_2932.MOV,Ben,2,0,28.626008913195374,1,0.6666666666666665,0.9570000000000002,865.5637562345278,138.1945359199567,0.15965841328794314,1298.345634351792,clear,pc,-0.6293637663394531,-0.40800173283180574,1.587412544866817,-0.5365037832268048,-0.7087625495326373
bl46f6scpfe9ib6_489_067,IMG_2932.MOV,Alex,2,0,30.13534095140993,1,0.6666666666666665,0.8490000000000001,907.6759090693533,125.473392319102,0.13823589572598746,1361.5138636040303,clear,pc,-0.6293637663394531,-0.5430933790658271,1.1163327503119318,-0.43523550294350155,-0.6333866959960464
bl46f6scpfe9ib6_579_138,IMG_2932.MOV,Adam,2,1,58.99579027339809,0,1.0333333333333332,0.3745161290322581,2242.8163906734926,449.3033888943098,0.2003299916848695,2170.467474845316,clear,pc,1.6175752941882424,-0.15152438535447896,-0.9532946983463123,0.8616401893012644,1.7563594133252252
bl46f6scpfe9ib6_658_246,IMG_2932.MOV,Adam,2,1,53.5307128302751,0,0.8666666666666671,0.5134615384615382,1593.818531994847,291.1241139284796,0.1826582563098349,1839.0213830709763,clear,pc,0.5962393575847481,-0.2629633801748187,-0.3472356712325196,0.3302816864915653,0.594728761641507
bl46f6scpfe9ib6_792_476,IMG_2932.MOV,Alex,3,0,95.70394627338217,0,1.0999999999999996,0.3463636363636365,2311.4774164706287,509.74144013666296,0.22052624719776928,2101.3431058823903,clear,pc,2.02610966882964,-0.02416561918192426,-1.0760916470735546,0.7508233110476137,1.8792546603209364
bl46f6scpfe9ib6_839_038,IMG_2932.MOV,Zach,3,0,94.88120259577195,0,0.7333333333333333,0.7527272727272728,1650.4458104986702,268.6135764203725,0.16275213321860768,2250.6079234072777,clear,pc,-0.22082939169805338,-0.38849255436051866,0.6964055597112391,0.99011751885558,0.6960850011912014
bl46f6scpfe9ib6_873_773,IMG_2932.MOV,Zach,2,0,53.56564867437043,0,0.7666666666666666,0.8582608695652175,1251.9110030449472,212.99003205752183,0.17013192754075895,1632.9273952760182,ambiguous,pc,-0.01656220437735385,-0.34195514058715415,1.1567272737580636,-0.00011832578967037217,-0.01724593189334904
bl46f6scpfe9ib6_889_467,IMG_2932.MOV,Zach,3,0,96.8745089896528,0,0.833333333333333,0.7956000000000003,2115.863884653351,331.29283436919513,0.1565756837063609,2539.036661584022,clear,pc,0.39197217026404385,-0.4274416055202444,0.8834099630042398,1.4525126602930296,1.5291291993437646
bl46f6scpfe9ib6_908_773,IMG_2932.MOV,Alex,3,0,84.3344905249029,1,0.9666666666666663,0.4179310344827588,2218.2708590564466,380.91135830856683,0.1717154407692979,2294.7629576446006,clear,pc,1.2090409195468421,-0.3319694137341826,-0.763925395195927,1.0609047553508253,1.7124257677716261
cmgf3z9rea2l7rc_1559_875,IMG_2932.MOV,Ben,3,0,80.09561096175165,0,0.5333333333333337,0.4931249999999997,969.4359372977744,134.1964200068512,0.1384273213358616,1817.692382433326,clear,pc,-1.4464325156222486,-0.5418862379959477,-0.4359406004956591,0.29608805402307586,-0.5228434316699475
cmgf3z9rea2l7rc_1656_345,IMG_2932.MOV,Zach,2,0,52.91628271494166,0,0.5999999999999996,0.923333333333334,1176.7534203591179,130.6279797695588,0.11100709588733906,1961.255700598531,clear,pc,-1.0378981409808536,-0.7147997802645415,1.4405635965642163,0.5262418910777978,-0.15176925980087994
cmgf3z9rea2l7rc_1916_844,IMG_2932.MOV,Adam,2,0,52.87991455849917,1,0.9666666666666663,0.42517241379310355,1179.6790987178895,365.68718516731815,0.30998869570950094,1220.3576883288515,ambiguous,pc,1.2090409195468421,0.5399898032899477,-0.7323395852161937,-0.6615303237846183,-0.14653263596141725
ctqc73n67cph45y_449_286,IMG_2769.MOV,Adam,3,0,86.35680230262464,1,0.7666666666666668,0.8517391304347824,1685.597559102412,267.02064635191255,0.15841304759251204,2198.605511872711,ambiguous,pc,0.6911635163761388,-0.058291729175786816,0.5873829757221602,0.5039066232466742,1.047214414524226
ctqc73n67cph45y_485_588,IMG_2769.MOV,Adam,2,0,70.0122489382362,1,0.7666666666666666,0.9508695652173913,1343.405645363428,261.5988838059727,0.1947281409072857,1752.2682330827322,clear,pc,0.6911635163761364,0.6210316324071381,0.9885983959742526,-0.4005157739339791,-0.0345807063322639
ctqc73n67cph45y_493_660,IMG_2769.MOV,Adam,2,0,57.41613768926008,1,0.6333333333333333,0.9900000000000001,1217.3262595130307,191.59359898340517,0.15738886554541978,1922.0940939679433,clear,pc,-0.7833186518929569,-0.07745045155804627,1.1469729039684997,-0.05639414326610097,-0.43316424667149944
g7ko31w6njargwe_1184_793,IMG_2770.MOV,Ben,2,1,59.427720034823,1,0.8000000000000003,0.6124999999999998,1680.6944771465292,253.58803671320743,0.1508828880926338,2100.8680964331606,clear,pc,0.02742171349999113,-0.39486381425036554,-0.17683185819368175,0.5696371116855079,0.5530860127079488
jmyhhago9gvrteb_1112_257,IMG_2482.MOV,Zach,2,0,51.51653425883577,0,1.0,0.453,1387.7389464185724,387.35042477004345,0.2791234084549574,1387.7389464185724,clear,pc,0.8734618400715893,1.3790395793124632,-0.8576879139496694,-0.5620638919744438,-0.036053164302566734
jmyhhago9gvrteb_315_690,IMG_2482.MOV,Adam,2,0,59.88349380813463,0,0.9333333333333331,0.552857142857143,1184.0543176898543,274.5730452517505,0.23189227145208627,1268.6296260962727,clear,pc,0.4418689308597437,0.4118336525100205,-0.36388987854089727,-0.8741554522647488,-0.4570089706806549
jmyhhago9gvrteb_560_095,IMG_2482.MOV,Michael T,2,0,53.29032967358714,1,0.766666666666667,0.889565217391304,859.9926232929339,214.65304571176944,0.249598705730588,1121.7295086429567,clear,pc,-0.637113342169863,0.7744285266428146,1.301146602115285,-1.259064766991575,-1.1267485221261075
jmyhhago9gvrteb_580_536,IMG_2482.MOV,Zach,2,0,13.743385685285904,1,1.2000000000000002,0.3466666666666666,2428.892319327605,545.3996359259529,0.22454665099230786,2024.0769327730038,clear,pc,2.168240567707123,0.26140899421083397,-1.3835110007726483,1.1052759475608849,2.115702519921993
jmyhhago9gvrteb_810_714,IMG_2482.MOV,Adam,3,0,96.85388933437429,1,0.6666666666666667,0.9644999999999999,1510.8385297705686,218.9288921516552,0.1449055526700799,2266.2577946558526,clear,pc,-1.2845027059876315,-1.3694927202584237,1.6717024519746582,1.7398409241130894,0.21835721854356932
jmyhhago9gvrteb_902_370,IMG_2482.MOV,Adam,2,1,45.57571815473302,1,0.5666666666666669,0.981176470588235,654.9153837463275,132.3915978083819,0.20215069166807353,1155.7330301405775,clear,pc,-1.931892069805397,-0.19721863936718215,1.7541683445328249,-1.1699683633613498,-1.5505824426430679
w2gvgk88n6e4had_455_636,IMG_2770.MOV,Reilly,2,0,60.13836961392135,0,0.666666666666667,0.8009999999999997,1261.6279606529745,148.40381874359514,0.11762882828531045,1892.441940979461,ambiguous,pc,-0.5484342699997842,-0.8152803057478031,0.5746852611210587,0.1223949720827289,-0.31720663993046017
w2gvgk88n6e4had_490_700,IMG_2770.MOV,Alex,3,0,79.84336451102106,0,0.9666666666666668,0.5327586206896551,1799.4864975143978,331.5963239878736,0.1842727491681112,1861.5377560493769,ambiguous,pc,0.7472416928747098,0.02726955311212493,-0.4947470394642089,0.05608058001075533,0.7997862821145082
w2gvgk88n6e4had_537_433,IMG_2770.MOV,Viraj,3,0,98.5421225573496,1,0.5,0.966,1149.3835050135003,125.08341548282692,0.10882652738378887,2298.7670100270007,clear,pc,-1.2682542493745048,-0.926563934981773,1.2325119172851564,0.9942898302855784,-0.5503093126512348
w2gvgk88n6e4had_577_166,IMG_2770.MOV,Adam,3,0,90.09481772022575,1,0.9000000000000004,0.23333333333333323,1834.6854319716074,380.5844312427207,0.20743852031011845,2038.5393688573408,clear,pc,0.4593137011248231,0.3201442361669273,-1.6885042246313786,0.4358917407216375,0.8728853554910412
w2gvgk88n6e4had_586_258,IMG_2770.MOV,Alex,3,1,94.5468138834664,0,0.5999999999999996,0.8216666666666671,1373.1810601475343,175.95970967769654,0.12814021019106647,2288.635100245892,clear,pc,-0.8363622617496748,-0.6823895150529963,0.6570797109840393,0.9725487153141801,-0.08553973492100221
w2gvgk88n6e4had_695_107,IMG_2770.MOV,Zach,2,1,64.07327110926047,1,0.7999999999999998,0.3287500000000001,1169.4081936536875,260.77643059797447,0.22299863470530948,1461.7602420671096,clear,pc,0.02742171349998921,0.5168639371366217,-1.3080943653849681,-0.8017644938443231,-0.508723219014487
w2gvgk88n6e4had_716_941,IMG_2770.MOV,Adam,3,0,99.38322381168128,1,1.1,0.18454545454545454,2603.784931533005,562.4461527035,0.21601098688759757,2367.0772104845496,clear,pc,1.323097676374485,0.428522170857149,-1.8830131165366482,1.1408702829299473,2.4701058855795055
w2gvgk88n6e4had_843_308,IMG_2770.MOV,Alex,3,0,69.93912303972175,1,0.733333333333333,0.9409090909090914,1652.201084497229,204.0793513836643,0.12351968128974229,2253.0014788598587,clear,pc,-0.2605062782498994,-0.7408048351917249,1.1324787728767338,0.8960858691047222,0.49391261350890164
wurjg3g9xhehuka_130_783,IMG_2483.MOV,Ben,3,1,77.87597807694434,0,0.8666666666666663,0.7326923076923081,1807.8145886097418,306.17361822098405,0.16936118346983792,2085.9399099343186,clear,pc,0.21577011152642597,-0.3137689538852009,0.670834182961733,0.6263171174890367,0.6589492950334257
wurjg3g9xhehuka_163_174,IMG_2483.MOV,Zach,2,1,49.79762603916802,1,0.6333333333333329,0.8573684210526323,1260.604945393686,142.68592722449694,0.11318845586468505,1990.4288611479267,clear,pc,-1.4204865675490008,-0.9178986042473799,1.2708968255169912,0.4209599997286796,-0.49224483968476224
wurjg3g9xhehuka_639_508,IMG_2483.MOV,Ben,3,0,86.06883362739741,0,0.733333333333333,0.9572727272727277,1504.4106729411524,240.3165959108169,0.15974135269925546,2051.4690994652087,clear,pc,-0.7192337050881031,-0.41722885778778784,1.7517334539401366,0.5522018567443708,0.020662282919667617
wurjg3g9xhehuka_837_566,IMG_2483.MOV,Zach,3,0,78.84516267723617,0,0.7999999999999998,0.7137500000000001,1973.0096550325488,231.99505613208066,0.11758434913905853,2466.2620687906865,clear,pc,-0.251731796780837,-0.8706214008766628,0.5796653864410171,1.4440430597285914,1.006478973846544
cmgf3z9rea2l7rc_1644_468,IMG_2932.MOV,Ben,2,1,53.55957516924045,1,0.7666666666666666,0.8843478260869566,999.6197668165469,198.2626339330552,0.19833804864068974,1303.8518697607135,clear,pc,-0.01656220437735385,-0.16408569446599716,1.270514663747166,-0.5276764502890723,-0.4688178889268809
cmgf3z9rea2l7rc_1736_147,IMG_2932.MOV,Alex,2,0,57.65382872180417,0,0.8666666666666667,0.41538461538461535,1291.2594230123814,289.26047267832223,0.22401422016615838,1489.91471886044,clear,pc,0.5962393575847454,-0.0021702580411660957,-0.7750324932107794,-0.22938940035924776,0.05318316138988155
cmgf3z9rea2l7rc_1859_772,IMG_2932.MOV,Sean,2,1,33.45383928433585,1,0.5666666666666664,0.7411764705882355,623.2570171881077,85.46544490649649,0.1371271282144294,1099.8653244496024,clear,pc,-1.2421653283015524,-0.5500853317153692,0.6460226939834447,-0.8546979116965299,-1.1424634183751357
cmgf3z9rea2l7rc_1988_172,IMG_2932.MOV,Zach,2,0,74.08889166991233,1,1.0,0.357,1427.4780744698485,351.2330097554104,0.2460514217606144,1427.4780744698485,clear,pc,1.4133081068675435,0.1367976215825156,-1.029697424882544,-0.32948483882480034,0.29699869752459473
g7ko31w6njargwe_1389_964,IMG_2770.MOV,Adam,3,0,95.73905300164182,0,0.9666666666666663,0.7179310344827589,2222.989849451532,409.8577162724532,0.18437228418905086,2299.644671846413,clear,pc,0.7472416928747079,0.02852793072156666,0.24350356525913616,0.9961731224717593,1.6792930932111538
cmgf3z9rea2l7rc_1606_407,IMG_2932.MOV,Sean,2,1,16.170503173553058,1,0.7666666666666666,0.6157877015025869,161.6179154416866,141.4081896405164,0.8749536785823595,210.8059766630695,clear,hand,-0.01656220437735385,4.102691963768543,0.0990956978690255,-2.2799952848526237,-1.9687436956262665
cmgf3z9rea2l7rc_1780_256,IMG_2932.MOV,Sean,2,0,20.52523723892549,1,0.7333333333333334,0.7526932526932938,383.61184667243634,188.94500561167456,0.4925421549168513,523.1070636442313,ambiguous,hand,-0.2208293916980527,1.69118257317394,0.6962571694277429,-1.779329136955691,-1.571400389239343
cmgf3z9rea2l7rc_1816_328,IMG_2932.MOV,Sean,2,0,44.62958236723758,0,0.6333333333333333,0.5747028862478754,951.994523808145,127.15747929246118,0.13356954910182567,1503.1492481181238,clear,hand,-0.833630953660152,-0.5725196332646374,-0.08011010147833474,-0.20817243679781938,-0.5540615323883283
cmgf3z9rea2l7rc_1901_574,IMG_2932.MOV,Sean,2,0,20.036243935662046,1,0.7666666666666666,0.8015223716948804,658.5733781100266,91.19454058847555,0.138472862128417,859.0087540565565,clear,hand,-0.01656220437735385,-0.5415990550997584,0.9092424596829599,-1.2408276317689633,-1.0792512416256597
cmgf3z9rea2l7rc_1964_153,IMG_2932.MOV,Zach,2,0,15.802147922371402,1,0.7666666666666666,0.7000484297893458,547.6699123861976,226.79693321337254,0.41411245731067897,714.3520596341708,clear,hand,-0.01656220437735385,1.1966003219230248,0.4666283512983899,-1.4727343172821272,-1.2777555408926078
cmgf3z9rea2l7rc_2039_392,IMG_2932.MOV,Zach,2,0,46.704141511888345,1,1.0,0.4690715883668908,1205.6974212874347,319.25313743495326,0.2647871114247363,1205.6974212874347,clear,hand,1.4133081068675435,0.25494597425563204,-0.5408579728148167,-0.6850329618884979,-0.09996286597217072
cmgf3z9rea2l7rc_2047_835,IMG_2932.MOV,Ben,3,0,71.21803213322576,0,0.9333333333333333,0.5802768383275992,1777.1907231152534,347.2004688166319,0.19536477672358152,1904.1329176234858,clear,hand,1.0047737322261445,-0.18283532073293282,-0.05579735888041712,0.43466538077575895,0.9229436471352083
cmgf3z9rea2l7rc_2148_237,IMG_2932.MOV,Alex,2,0,37.49411970357472,1,0.8333333333333335,0.6549785334020239,1153.8249903214935,236.29893981133887,0.2047961708174636,1384.589988385792,clear,hand,0.39197217026404657,-0.12336039904179419,0.27004022601367217,-0.39824096470940823,-0.19280848168817166
cmgf3z9rea2l7rc_2183_313,IMG_2932.MOV,Ben,2,0,40.49813805516195,1,0.5,0.8333333333333366,487.73249296502235,110.98867462503836,0.22756055055982888,975.4649859300447,clear,hand,-1.6506997029429502,0.020193108429892,1.0479971011018234,-1.0541305774157443,-1.385036547526769
cmgf3z9rea2l7rc_2191_719,IMG_2932.MOV,Zach,2,0,14.268783588062295,1,0.6333333333333333,0.6358809049349552,180.22646951860074,126.93645206272026,0.7043163659687595,284.5681097662117,clear,hand,-0.833630953660152,3.026643109881355,0.18673923624744745,-2.161743365211887,-1.9354365490614567
cmgf3z9rea2l7rc_2223_015,IMG_2932.MOV,Ben,2,0,58.16336922689971,0,0.6999999999999997,0.5994259720567681,1503.1582298574974,192.33454069313734,0.12795362249479955,2147.368899796426,ambiguous,hand,-0.4250965790187543,-0.607933994264855,0.027728289110701992,0.8246096598739573,0.4324573697634656
